keyword_key,Keyword
1,a certified scrum product owner
2,agile certified scrum master
3,amazon web service certification
4,aws practitioner certification
5,aws solutions architect-associate
6,best aws learning tutorial
7,best course for pmp
8,best platform to learn aws
9,best pmp prep course
10,caltech post graduate program in cloud computing
11,capm certification
12,capm course
13,capm training classes
14,certificado de gestion de proyectos
15,certified associate in project management capm course
16,certified scrum certification
17,certified scrum master
18,certified scrum master certificate
19,certified scrum master certification
20,certified scrum master class
21,certified scrum master course
22,certified scrum master csm certification
23,certified scrummaster csm
24,cheap pmp certification
25,cloud architect certification
26,csm certification
27,csm class
28,csm scrum master certification
29,cspo
30,cspo training
31,devops certification course
32,duration of pmp course
33,get certified scrum master
34,how much does it cost to do pmp-acp
35,how to get pmp certification
36,how to get project management certification
37,how to prepare for pmp certification
38,how to register for pmp exam
39,it architect certification program
40,it project manager certification
41,itil 4 foundation certification
42,itil 4 foundation course
43,itil 4 foundation exam cost
44,itil 4 foundation mock exam
45,itil certification
46,itil certification course online
47,itil certification online
48,itil certification training
49,itil certifications
50,itil classes online
51,itil foundation mock exam
52,itil foundation mock test
53,itil foundation test
54,itil foundation test online
55,itil foundation training
56,itil foundations training
57,itil online certification
58,itilv4 foundation
59,itl certification
60,knowledgehut cspo
61,learning tree itil 4 foundation
62,login simplilearn
63,online pmp certification training
64,pmi certification
65,pmi exam prep
66,pmi pmp certification
67,pmi project management course
68,pmp certificaiton
69,pmp certification
70,pmp certification 35 hours online training
71,pmp certification cost
72,pmp certification courses online
73,pmp certification exam questions
74,pmp certification online course
75,pmp certification requirements
76,pmp certification training
77,pmp certification what is it
78,pmp certifications
79,pmp certificering
80,pmp course
81,pmp courses online free
82,pmp exam
83,pmp exam cost
84,pmp exam fee
85,pmp exam practice test
86,pmp exam prep free
87,pmp free course
88,pmp practice exam free
89,pmp prep classes
90,pmp registered
91,pmp study course
92,pmp test
93,pmp test requirements
94,pmp training and certification cost
95,pmp training pmi
96,post graduate program in digital marketing simpli learn purdue cost
97,project management certification
98,project management professional certification
99,project management professional prep course
100,purdue project management essentials
101,safe 6.0 certification
102,safe certification
103,scale agile certification
104,scaled agile framework certification
105,scrum alliance csm certification cost
106,scrum master certification
107,scrum master certification course
108,scrum master certification free
109,scrum safe certification
110,similearn
111,simlilearn
112,simpilearn
113,simple lern
114,simplearn
115,simplelearn
116,simplelern
117,simpli lear
118,simpli learn
119,simplielarn
120,simplielearn
121,simplilarn
122,simplileaern
123,simplileanr
124,simplilear
125,simplilearn
126,simplilearn americas
127,simplilearn artificial intelligence engineer
128,simplilearn azure
129,simplilearn cissp
130,simplilearn cloud architect
131,simplilearn courses
132,simplilearn data science
133,simplilearn full stack developer
134,simplilearn generative ai
135,simplilearn itil
136,simplilearn log in
137,simplilearn login
138,simplilearn.com
139,simplilearning
140,simplilearns
141,simplilerarn
142,simplilern
143,simpllearn
144,simply learn
145,simply lern
146,simplylearn
147,siplilearn
148,skillup by simplilearn
149,smplilearn
150,smum master certification
151,srum master certification
152,togaf certification
153,togaf certification price
154,togaf certification training
155,togaf certifications
156,togaf certified
157,togaf course online
158,togaf training
159,udacity enterprise architecture
160,what is the cost of pmp exam
